;;;;;;;;;Goals;Goals;Goals;Goals;Goals;Expected;Expected;Expected;Expected;Launched;Launched;Launched;Passes;Passes;Passes;Passes;Goal Kicks;Goal Kicks;Goal Kicks;Crosses;Crosses;Crosses;Sweeper;Sweeper;Sweeper;;#NAME?
Rk;Player;Nation;Pos;Squad;Comp;Age;Born;90s;GA;PKA;FK;CK;OG;PSxG;PSxG/SoT;PSxG+/-;/90;Cmp;Att;Cmp%;Att;Thr;Launch%;AvgLen;Att;Launch%;AvgLen;Opp;Stp;Stp%;#OPA;#OPA/90;AvgDist;Matches;-9999
 Rk; Player; Nation; Pos; Squad; Comp; Age; Born; 90s;Goals GA;Goals PKA;Goals FK;Goals CK;Goals OG;Expected PSxG;Expected PSxG/SoT;Expected PSxG+/-;Expected /90;Launched Cmp;Launched Att;Launched Cmp%;Passes Att;Passes Thr;Passes Launch%;Passes AvgLen;Goal Kicks Att;Goal Kicks Launch%;Goal Kicks AvgLen;Crosses Opp;Crosses Stp;Crosses Stp%;Sweeper #OPA;Sweeper #OPA/90;Sweeper AvgDist; Matches;#NAME?
1;Antonio Adán;es ESP;GK;Atlético Madrid;es La Liga;32;1987;0.3;0.00;0.00;0.00;0.00;0.00;0.00;0.04;0.00;+0.13;3.33;10.0;33.3;16.7;3.33;40.0;30.2;3.33;100.0;65.0;3.33;0.00;0.0;0.00;0.00;;Matches;65d62814
2;Adrián;es ESP;GK;Liverpool;eng Premier League;32;1987;9.7;1.03;0.00;0.10;0.10;0.00;0.77;0.28;-0.26;-0.26;3.71;10.2;36.4;24.8;5.26;33.2;33.0;7.22;27.1;29.2;13.1;0.72;5.5;1.44;1.44;15.3;Matches;f76e6b4e
3;Rúnar Alex Rúnarsson;is ISL;GK;Dijon;fr Ligue 1;24;1995;10.0;1.70;0.00;0.00;0.30;0.10;1.13;0.24;-0.47;-0.47;5.00;12.1;41.3;24.8;5.60;30.6;31.3;8.10;55.6;43.9;16.3;0.90;5.5;0.90;0.90;14.0;Matches;8fa8f8d2
4;Enrico Alfonso;it ITA;GK;Brescia;it Serie A;31;1988;3.1;1.29;0.00;0.00;0.00;0.00;0.84;0.23;-0.45;-0.47;2.58;8.71;29.6;18.1;2.90;35.7;33.3;7.74;29.2;29.0;17.4;0.00;0.0;1.29;1.29;12.9;Matches;95adf1e1
5;Alisson;br BRA;GK;Liverpool;eng Premier League;26;1992;28.3;0.81;0.04;0.00;0.04;0.04;0.70;0.24;-0.08;-0.08;3.00;6.68;45.0;27.5;4.95;18.4;27.4;5.90;27.5;30.9;10.6;0.35;3.3;2.23;2.23;19.2;Matches;7a2e46a8
6;Sergio Álvarez;es ESP;GK;Celta Vigo;es La Liga;32;1986;2.0;0.50;0.00;0.00;0.00;0.00;0.50;0.34;0.00;+0.01;2.50;9.00;27.8;17.5;3.00;25.7;30.1;9.50;47.4;38.8;18.5;0.00;0.0;0.50;0.50;16.0;Matches;8875b8c9
7;Lorenzo Andrenacci;it ITA;GK;Brescia;it Serie A;24;1995;5.9;2.71;0.00;0.17;0.17;0.00;2.17;0.29;-0.54;-0.54;4.07;10.2;40.0;16.3;7.63;28.1;31.8;11.2;50.0;40.8;16.6;0.51;3.1;0.17;0.17;10.1;Matches;fe471a89
8;Miguel Ángel Moyá;es ESP;GK;Real Sociedad;es La Liga;35;1984;13.0;1.23;0.00;0.00;0.08;0.08;1.18;0.30;0.03;+0.03;6.23;12.2;51.3;27.8;4.38;24.7;30.3;7.69;69.0;44.3;11.5;0.54;4.7;1.77;1.77;17.7;Matches;011d8c56
9;Alphonse Areola;fr FRA;GK;Real Madrid;es La Liga;26;1993;4.0;1.25;0.50;0.00;0.25;0.00;1.02;0.15;-0.23;-0.22;3.50;8.00;43.8;26.3;6.75;17.1;26.9;7.25;48.3;41.4;14.3;0.50;3.5;1.00;1.00;14.2;Matches;2f965a72
10;Alphonse Areola;fr FRA;GK;Paris S-G;fr Ligue 1;26;1993;3.0;0.67;0.00;0.00;0.00;0.00;0.47;0.46;-0.20;-0.21;0.67;0.67;100.0;16.0;3.00;0.0;17.5;3.00;22.2;25.7;7.67;0.33;4.3;2.00;2.00;18.5;Matches;2f965a72
11;Kepa Arrizabalaga;es ESP;GK;Chelsea;eng Premier League;24;1994;33.0;1.42;0.06;0.06;0.21;0.06;1.02;0.32;-0.34;-0.34;2.52;7.58;33.2;27.0;4.58;20.6;28.3;6.00;33.3;32.7;10.4;0.61;5.8;1.06;1.06;16.0;Matches;28d596a0
12;Sergio Asenjo;es ESP;GK;Villarreal;es La Liga;30;1989;34.0;1.21;0.15;0.00;0.24;0.03;1.14;0.23;-0.04;-0.04;3.82;11.7;32.7;22.1;4.62;33.2;33.2;8.29;52.5;41.6;16.9;0.47;2.8;0.79;0.79;14.1;Matches;9f0ea33f
13;Emil Audero;it ITA;GK;Sampdoria;it Serie A;22;1997;36.0;1.67;0.19;0.00;0.28;0.11;1.33;0.25;-0.22;-0.23;5.19;14.4;36.0;20.6;3.67;45.7;37.2;8.08;61.9;44.6;16.8;0.44;2.7;0.89;0.89;14.0;Matches;649b01d8
14;Stefan Bajic;fr FRA;GK;Saint-Étienne;fr Ligue 1;17;2001;1.0;1.00;0.00;0.00;1.00;0.00;0.10;0.05;-0.90;-0.90;1.00;2.00;50.0;11.0;4.00;0.0;18.1;8.00;25.0;28.8;12.0;0.00;0.0;5.00;5.00;27.2;Matches;be13e5a8
15;Oliver Baumann;de GER;GK;Hoffenheim;de Bundesliga;29;1990;30.0;1.63;0.17;0.00;0.13;0.07;1.62;0.29;0.05;+0.05;4.57;13.0;35.0;34.0;5.80;28.8;29.9;8.73;37.4;34.5;16.2;0.60;3.7;0.90;0.90;13.9;Matches;47064058
16;Asmir Begovi?;ba BIH;GK;Milan;it Serie A;32;1987;1.4;2.14;0.71;0.00;0.00;0.00;2.86;0.43;0.71;+0.73;2.14;7.14;30.0;18.6;3.57;26.9;30.5;8.57;25.0;33.1;11.4;0.00;0.0;0.00;0.00;;Matches;7b4de647
17;Walter Benítez;ar ARG;GK;Nice;fr Ligue 1;26;1993;26.0;1.38;0.15;0.00;0.23;0.08;1.58;0.28;0.27;+0.27;2.00;5.77;34.7;22.1;5.35;16.6;24.4;8.23;25.7;28.9;16.2;0.42;2.6;0.65;0.65;13.3;Matches;8a2248b4
18;Etrit Berisha;al ALB;GK;SPAL;it Serie A;30;1989;26.0;1.69;0.23;0.04;0.08;0.08;1.75;0.27;0.13;+0.13;6.31;15.0;42.2;24.7;5.46;39.6;34.0;8.96;57.9;44.1;16.1;0.46;2.9;0.81;0.81;14.3;Matches;ee833569
19;Paul Bernardoni;fr FRA;GK;Nîmes;fr Ligue 1;22;1997;24.5;1.55;0.16;0.00;0.08;0.04;1.25;0.26;-0.26;-0.26;5.31;15.5;34.3;21.6;3.27;47.4;37.1;7.14;73.1;50.7;10.8;0.45;4.2;1.06;1.06;15.6;Matches;28dabd43
20;Dimitry Bertaud;fr FRA;GK;Montpellier;fr Ligue 1;21;1998;2.2;1.36;0.00;0.00;0.45;0.00;0.77;0.35;-0.59;-0.58;5.45;8.64;63.2;22.3;8.18;26.5;30.9;8.18;33.3;37.3;8.64;0.91;10.5;1.36;1.38;18.4;Matches;380a15e2
21;Rubén Blanco;es ESP;GK;Celta Vigo;es La Liga;24;1995;32.9;1.31;0.15;0.09;0.09;0.00;1.25;0.28;-0.06;-0.06;5.59;15.7;35.5;21.0;3.71;46.2;37.4;8.88;68.2;49.6;15.9;0.58;3.6;0.33;0.33;9.8;Matches;967f34d3
22;Yassine Bounou;ma MAR;GK;Sevilla;es La Liga;28;1991;5.5;0.55;0.18;0.00;0.00;0.00;0.85;0.19;0.31;+0.31;6.18;13.6;45.3;22.4;4.36;36.6;33.7;8.18;66.7;47.6;13.3;0.18;1.4;0.18;0.18;11.7;Matches;f6798fc3
23;Federico Brancolini;it ITA;GK;Fiorentina;it Serie A;18;2001;0.1;0.00;0.00;0.00;0.00;0.00;0.00;;0.00;0.00;10.0;10.0;100.0;20.0;0.00;0.0;24.0;10.0;100.0;66.0;0.00;0.00;;0.00;0.00;18.0;Matches;d4890c25
24;Claudio Bravo;cl CHI;GK;Manchester City;eng Premier League;36;1983;3.9;1.79;0.00;0.00;0.00;0.00;1.15;0.30;-0.64;-0.66;4.62;11.3;40.9;27.7;4.36;26.9;28.0;7.18;53.6;39.7;16.2;0.26;1.6;0.26;0.26;11.0;Matches;10072610
25;Gianluigi Buffon;it ITA;GK;Juventus;it Serie A;41;1978;9.0;1.11;0.11;0.00;0.00;0.00;0.84;0.20;-0.27;-0.27;1.33;2.89;46.2;17.1;4.67;13.6;25.1;6.00;9.3;21.5;12.1;0.33;2.8;0.78;0.78;13.6;Matches;e40d028b
26;Roman Bürki;ch SUI;GK;Dortmund;de Bundesliga;28;1990;30.8;1.30;0.10;0.00;0.23;0.10;1.12;0.35;-0.08;-0.08;2.73;8.83;30.9;27.5;5.91;24.9;30.0;6.53;30.3;33.1;10.0;0.36;3.6;1.46;1.46;18.2;Matches;9d12e142
27;Ludovic Butelle;fr FRA;GK;Angers;fr Ligue 1;36;1983;26.0;1.23;0.12;0.08;0.04;0.00;1.03;0.29;-0.20;-0.20;4.58;13.2;34.8;19.0;4.46;39.5;35.9;7.81;72.4;50.6;12.3;0.58;4.7;0.85;0.85;15.1;Matches;26975a92
28;Marcin Bu?ka;pl POL;GK;Paris S-G;fr Ligue 1;19;1999;1.0;0.00;0.00;0.00;0.00;0.00;0.40;0.20;0.40;+0.40;0.00;0.00;;12.0;3.00;0.0;16.3;6.00;0.0;20.8;5.00;1.00;20.0;0.00;0.00;5.0;Matches;db87a2c4
29;Willy Caballero;ar ARG;GK;Chelsea;eng Premier League;37;1981;5.0;1.40;0.00;0.00;0.40;0.20;0.76;0.23;-0.44;-0.45;3.80;10.4;36.5;27.2;3.40;30.9;31.4;5.60;35.7;32.9;9.20;0.20;2.2;0.60;0.60;16.0;Matches;a179d516
30;Matis Carvalho;pt POR;GK;Montpellier;fr Ligue 1;20;1999;0.8;5.00;0.00;0.00;0.00;1.25;3.38;0.36;-0.37;-0.33;5.00;21.3;23.5;22.5;5.00;61.1;46.0;11.3;66.7;44.2;12.5;0.00;0.0;0.00;0.00;9.3;Matches;8608f269
31;Koen Casteels;be BEL;GK;Wolfsburg;de Bundesliga;27;1992;26.0;1.46;0.15;0.04;0.15;0.00;1.32;0.29;-0.14;-0.14;7.19;16.2;44.5;30.5;4.69;39.9;35.5;6.85;58.4;45.3;13.7;0.69;5.1;1.31;1.31;16.6;Matches;db401046
32;Churripi;es ESP;GK;Valladolid;es La Liga;25;1994;2.7;1.11;0.00;0.00;0.74;0.00;1.26;0.27;0.15;+0.16;7.04;28.1;25.0;27.0;2.96;75.3;49.5;8.89;87.5;64.0;18.1;1.11;6.1;1.11;1.11;10.5;Matches;81a606fc
33;Jasper Cillessen;nl NED;GK;Valencia;es La Liga;30;1989;23.3;1.29;0.26;0.09;0.04;0.04;1.25;0.20;0.00;+0.01;4.98;15.7;31.7;23.6;5.71;41.0;35.1;8.80;68.8;51.3;16.5;0.26;1.6;0.56;0.56;13.8;Matches;04ac8285
34;Yannis Clementia;mq MTQ;GK;Nice;fr Ligue 1;22;1997;2.0;1.00;0.50;0.00;0.00;0.00;1.20;0.21;0.20;+0.22;2.00;11.0;18.2;23.5;8.00;27.7;30.9;7.00;64.3;47.8;16.5;2.00;12.1;0.00;0.00;8.2;Matches;7800bdb8
35;Simone Colombi;it ITA;GK;Parma;it Serie A;28;1991;4.0;1.00;0.25;0.00;0.00;0.00;1.55;0.28;0.55;+0.56;2.25;6.00;37.5;14.8;3.50;28.8;29.3;10.5;16.7;23.1;15.3;0.25;1.6;0.00;0.00;7.8;Matches;72be9309
36;Andrea Consigli;it ITA;GK;Sassuolo;it Serie A;32;1987;31.0;1.77;0.23;0.03;0.29;0.10;1.45;0.27;-0.23;-0.23;2.90;8.65;33.6;25.1;4.55;27.4;28.8;6.61;26.8;27.8;13.9;0.61;4.4;0.97;0.97;13.6;Matches;8cabdc1e
37;Angelo da Costa Júnior;br BRA;GK;Bologna;it Serie A;35;1983;1.0;1.00;0.00;0.00;0.00;0.00;0.20;0.10;-0.80;-0.79;0.00;2.00;0.0;22.0;4.00;9.1;27.0;4.00;0.0;15.8;8.00;0.00;0.0;1.00;1.00;33.0;Matches;18736214
38;Benoît Costil;fr FRA;GK;Bordeaux;fr Ligue 1;32;1987;28.0;1.21;0.07;0.00;0.14;0.04;1.17;0.28;-0.01;-0.01;5.68;14.1;40.4;22.8;3.54;40.2;34.8;8.79;56.1;40.9;15.5;0.61;3.9;1.00;1.00;15.2;Matches;2434f24a
39;Thibaut Courtois;be BEL;GK;Real Madrid;es La Liga;27;1992;34.0;0.59;0.00;0.00;0.12;0.00;0.79;0.28;0.20;+0.20;2.24;8.24;27.1;25.4;5.88;23.4;30.6;6.38;35.9;37.7;11.9;0.62;5.2;0.97;0.97;14.5;Matches;1840e36d
40;Alessio Cragno;it ITA;GK;Cagliari;it Serie A;25;1994;16.0;1.31;0.06;0.00;0.13;0.06;1.35;0.22;0.10;+0.10;4.25;14.0;30.4;19.6;4.63;45.5;37.0;9.75;51.9;39.9;17.1;0.75;4.4;0.44;0.44;10.6;Matches;f554e29b
41;Iván Cuéllar;es ESP;GK;Leganés;es La Liga;35;1984;27.0;1.22;0.04;0.04;0.26;0.00;1.14;0.30;-0.09;-0.09;7.89;22.1;35.6;22.4;3.96;66.0;46.1;8.04;91.7;63.2;14.7;0.41;2.8;1.41;1.41;16.2;Matches;75751c99
42;Paul Delecroix;gw GNB;GK;Metz;fr Ligue 1;30;1988;1.5;2.67;0.67;0.00;0.00;0.00;1.47;0.21;-1.20;-1.20;9.33;20.0;46.7;22.0;3.33;66.7;43.8;7.33;72.7;54.1;7.33;0.00;0.0;1.33;1.32;26.5;Matches;2ee1b96b
43;Lucas Dias;fr FRA;GK;Nîmes;fr Ligue 1;20;1999;3.5;1.71;0.00;0.29;0.57;0.00;1.63;0.34;-0.09;-0.08;7.43;20.3;36.6;17.1;1.14;61.7;40.9;10.9;89.5;57.2;18.0;0.00;0.0;1.43;1.42;14.3;Matches;d83f8f69
44;Marko Dmitrovi?;rs SRB;GK;Eibar;es La Liga;27;1992;35.0;1.46;0.11;0.06;0.09;0.03;1.31;0.35;-0.12;-0.12;7.60;23.5;32.4;23.3;2.51;72.1;51.6;6.97;95.9;70.9;12.0;0.69;5.7;2.14;2.14;17.9;Matches;ac295d9e
45;Jaume Doménech;es ESP;GK;Valencia;es La Liga;28;1990;14.7;1.56;0.07;0.07;0.20;0.00;1.43;0.26;-0.14;-0.13;6.46;15.9;40.8;22.4;4.63;41.9;34.2;8.98;72.0;48.7;15.9;0.41;2.6;0.41;0.41;10.8;Matches;c9cb972b
46;Gianluigi Donnarumma;it ITA;GK;Milan;it Serie A;20;1999;35.6;1.18;0.11;0.00;0.11;0.03;1.12;0.23;-0.04;-0.04;4.97;11.4;43.6;24.7;5.00;32.3;31.3;7.28;47.1;36.9;13.3;0.76;5.7;1.04;1.04;13.9;Matches;08f5afaa
47;Bart?omiej Dr?gowski;pl POL;GK;Fiorentina;it Serie A;21;1997;31.0;1.39;0.19;0.06;0.16;0.00;1.38;0.25;-0.01;-0.01;3.52;10.9;32.2;21.8;6.32;34.9;33.6;7.13;46.2;39.1;14.2;0.42;3.0;0.97;0.97;14.2;Matches;085e71a7
48;Martin Dúbravka;sk SVK;GK;Newcastle Utd;eng Premier League;30;1989;38.0;1.53;0.05;0.08;0.21;0.05;1.66;0.32;0.18;+0.18;7.58;19.7;38.4;19.7;3.13;60.7;42.0;8.95;86.8;58.3;18.1;0.55;3.1;0.68;0.68;11.6;Matches;3a949a25
49;Ederson;br BRA;GK;Manchester City;eng Premier League;25;1993;34.1;0.82;0.09;0.03;0.12;0.03;0.87;0.29;0.08;+0.08;2.17;5.37;40.4;27.5;5.22;15.4;26.0;4.08;27.3;30.0;7.62;0.41;5.4;1.85;1.85;19.3;Matches;3bb7b8b4
50;Aarón Escandell;es ESP;GK;Granada;es La Liga;23;1995;3.0;1.00;0.00;0.00;0.00;0.00;1.03;0.22;0.03;+0.03;8.33;25.3;32.9;33.3;7.33;62.0;42.5;8.67;53.8;46.7;13.0;0.67;5.1;0.67;0.67;13.6;Matches;67669ce7
51;?ukasz Fabia?ski;pl POL;GK;West Ham;eng Premier League;34;1985;23.5;1.45;0.13;0.04;0.09;0.09;1.37;0.27;0.00;0.00;8.04;19.4;41.5;20.4;4.26;60.2;43.5;8.17;86.5;58.6;16.3;0.47;2.9;0.34;0.34;10.3;Matches;9328b835
52;Fabricio;es ESP;GK;Mallorca;es La Liga;31;1987;1.0;3.00;1.00;0.00;1.00;0.00;2.30;0.23;-0.70;-0.74;6.00;14.0;42.9;24.0;6.00;41.7;38.0;9.00;44.4;40.1;7.00;0.00;0.0;0.00;0.00;8.3;Matches;af245161
53;Ralf Fährmann;de GER;GK;Norwich City;eng Premier League;30;1988;0.2;5.00;5.00;;;;6.00;0.08;;;;10.0;;35.0;10.0;;22.7;15.0;;15.7;25.0;5.00;20.0;;;11.3;Matches;1e43fad8
54;Wladimiro Falcone;it ITA;GK;Sampdoria;it Serie A;24;1995;2.0;2.50;0.50;0.00;0.00;0.00;2.80;0.36;0.30;+0.32;2.50;12.5;20.0;21.5;5.00;34.9;29.8;9.00;55.6;44.9;13.5;0.00;0.0;1.00;1.00;16.4;Matches;9f5a610b
55;Aitor Fernández;es ESP;GK;Levante;es La Liga;28;1991;36.0;1.42;0.08;0.03;0.22;0.06;1.46;0.24;0.10;+0.10;4.72;13.6;34.6;21.4;5.36;43.3;37.6;9.25;47.1;39.8;16.4;0.56;3.4;1.25;1.25;14.4;Matches;a01c3d54
56;Andrés Fernández;es ESP;GK;Villarreal;es La Liga;32;1986;4.0;2.00;0.75;0.00;0.50;0.25;1.63;0.19;-0.13;-0.11;4.00;11.3;35.6;28.0;4.00;25.0;28.0;10.8;39.5;34.3;18.0;0.75;4.2;0.00;0.00;10.2;Matches;307fcd26
57;Mark Flekken;nl NED;GK;Freiburg;de Bundesliga;26;1993;10.0;1.40;0.00;0.00;0.10;0.00;1.97;0.28;0.57;+0.57;6.40;18.0;35.6;32.4;3.80;37.0;35.9;10.8;55.6;47.8;16.0;0.50;3.1;0.80;0.80;12.6;Matches;a92ab7be
58;Ben Foster;eng ENG;GK;Watford;eng Premier League;36;1983;38.0;1.68;0.21;0.08;0.18;0.08;1.65;0.31;0.04;+0.04;7.95;24.3;32.7;24.0;3.11;71.7;46.9;7.76;91.2;62.2;15.3;0.79;5.2;1.45;1.45;15.9;Matches;d0b3ceb9
59;Daniel Fuzato;br BRA;GK;Roma;it Serie A;22;1997;1.0;1.00;0.00;0.00;1.00;0.00;0.40;0.22;-0.60;-0.57;3.00;14.0;21.4;34.0;4.00;29.4;33.1;10.0;40.0;33.2;14.0;1.00;7.1;1.00;1.00;11.5;Matches;82328faf
60;Gabriel;br BRA;GK;Lecce;it Serie A;26;1992;33.3;2.28;0.30;0.03;0.27;0.09;2.11;0.27;-0.08;-0.08;3.72;9.31;40.0;19.4;5.83;31.1;32.0;9.79;33.4;30.7;17.9;0.81;4.5;0.45;0.45;11.0;Matches;f93ed0df
61;Paulo Gazzaniga;ar ARG;GK;Tottenham;eng Premier League;27;1992;17.9;1.45;0.17;0.06;0.11;0.06;1.26;0.23;-0.13;-0.13;3.46;13.0;26.7;21.1;3.52;37.1;33.3;7.93;64.8;48.5;14.6;0.39;2.7;0.89;0.89;17.6;Matches;63d17038
62;David de Gea;es ESP;GK;Manchester Utd;eng Premier League;28;1990;38.0;0.95;0.08;0.03;0.21;0.03;0.91;0.25;-0.01;-0.01;2.18;6.89;31.7;17.7;4.03;28.4;30.6;7.05;26.5;29.0;12.9;0.26;2.0;0.58;0.58;15.0;Matches;7ba6d84e
63;Rafa? Gikiewicz;pl POL;GK;Union Berlin;de Bundesliga;31;1987;33.0;1.64;0.09;0.00;0.21;0.03;1.48;0.29;-0.12;-0.12;11.3;24.9;45.4;32.7;3.67;56.1;41.7;8.15;81.0;56.7;15.7;0.97;6.2;1.12;1.12;13.4;Matches;17376543
64;Mauro Goicoechea;uy URU;GK;Toulouse;fr Ligue 1;31;1988;2.0;2.50;0.00;0.00;0.00;0.00;2.05;0.32;-0.45;-0.43;8.00;20.5;39.0;22.0;2.00;54.5;40.3;10.0;85.0;49.8;7.50;0.00;0.0;1.00;1.00;15.6;Matches;132bb875
65;Pierluigi Gollini;it ITA;GK;Atalanta;it Serie A;24;1995;32.0;1.31;0.19;0.06;0.13;0.09;1.15;0.26;-0.07;-0.07;5.16;11.9;43.3;23.9;5.03;32.1;34.0;6.50;64.9;50.0;9.81;0.16;1.6;1.78;1.78;18.1;Matches;f0f7f62f
66;Alfred Gomis;sn SEN;GK;Dijon;fr Ligue 1;25;1993;18.0;1.11;0.06;0.11;0.11;0.06;0.97;0.21;-0.08;-0.08;8.22;19.1;43.1;31.4;6.33;41.5;36.1;9.33;64.3;46.4;17.0;1.28;7.5;0.72;0.72;12.2;Matches;cecbce23
67;Vicente Guaita;es ESP;GK;Crystal Palace;eng Premier League;32;1987;35.0;1.20;0.00;0.00;0.09;0.06;1.35;0.33;0.21;+0.21;5.77;17.9;32.3;22.4;4.94;51.3;38.8;7.83;81.4;56.8;16.9;0.66;3.9;0.69;0.69;12.3;Matches;ab13a5aa
68;Péter Gulácsi;hu HUN;GK;RB Leipzig;de Bundesliga;29;1990;32.0;1.06;0.06;0.00;0.22;0.00;1.14;0.30;0.08;+0.08;3.66;10.4;35.1;32.3;5.81;25.1;29.9;7.09;32.6;33.7;12.5;0.56;4.5;2.13;2.13;18.5;Matches;bcb2ccd8
69;Angus Gunn;eng ENG;GK;Southampton;eng Premier League;23;1996;10.0;2.50;0.20;0.10;0.10;0.00;1.75;0.28;-0.75;-0.75;3.80;17.8;21.3;18.1;2.70;62.4;42.3;7.70;84.4;55.5;13.9;0.40;2.9;1.20;1.20;17.0;Matches;e082af5b
70;Régis Gurtner;fr FRA;GK;Amiens;fr Ligue 1;32;1986;28.0;1.79;0.04;0.04;0.43;0.04;1.46;0.29;-0.29;-0.29;6.93;16.5;42.0;20.1;3.32;47.7;38.4;9.11;76.1;51.0;15.2;0.36;2.4;0.36;0.36;11.8;Matches;bc270726
71;Samir Handanovi?;si SVN;GK;Inter;it Serie A;35;1984;35.0;0.91;0.06;0.00;0.09;0.03;0.84;0.24;-0.05;-0.05;3.17;6.34;50.0;24.4;5.40;18.2;27.2;7.63;25.1;28.9;14.0;0.69;4.9;0.54;0.54;11.8;Matches;74419746
72;Tom Heaton;eng ENG;GK;Aston Villa;eng Premier League;33;1986;19.9;1.76;0.15;0.05;0.35;0.05;1.43;0.26;-0.28;-0.28;5.63;18.0;31.3;21.7;4.97;52.4;39.5;9.80;67.7;50.5;19.0;0.55;2.9;0.65;0.65;12.1;Matches;a6de6361
73;Dean Henderson;eng ENG;GK;Sheffield Utd;eng Premier League;22;1997;36.0;0.92;0.03;0.00;0.06;0.00;1.09;0.31;0.17;+0.17;7.22;23.1;31.2;21.6;2.94;74.3;51.9;7.25;97.3;69.1;15.3;0.56;3.6;0.64;0.64;12.5;Matches;e5a76dfe
74;Wayne Hennessey;wls WAL;GK;Crystal Palace;eng Premier League;32;1987;3.0;2.67;0.00;0.33;0.67;0.00;2.77;0.36;0.10;+0.10;11.7;28.3;41.2;21.7;2.33;78.5;48.9;13.0;87.2;61.3;20.0;0.00;0.0;1.00;1.00;13.2;Matches;76eca7e2
75;Sergio Herrera;es ESP;GK;Osasuna;es La Liga;26;1993;18.4;1.47;0.05;0.11;0.22;0.00;1.49;0.33;0.02;+0.02;8.10;24.6;32.9;25.1;3.97;69.3;47.1;7.99;90.5;59.2;12.8;0.87;6.8;1.68;1.69;16.4;Matches;a4995f48
76;Iago Herrerín;es ESP;GK;Athletic Club;es La Liga;31;1988;4.7;1.91;0.00;0.21;0.00;0.00;1.11;0.29;-0.81;-0.80;8.72;21.5;40.6;29.4;5.74;55.8;41.4;6.38;80.0;54.8;11.1;1.28;11.5;0.00;0.00;10.0;Matches;9109185e
77;Marwin Hitz;ch SUI;GK;Dortmund;de Bundesliga;31;1987;3.2;0.31;0.00;0.00;0.00;0.00;1.06;0.49;0.75;+0.75;2.50;6.88;36.4;23.4;4.38;17.3;28.2;7.81;36.0;38.3;10.9;0.31;2.9;1.25;1.24;15.4;Matches;2e7ff968
78;Timo Horn;de GER;GK;Köln;de Bundesliga;26;1993;34.0;2.03;0.12;0.03;0.32;0.06;1.61;0.32;-0.36;-0.36;7.94;16.2;48.9;26.5;3.03;46.5;37.9;8.74;44.8;38.4;14.1;0.59;4.2;0.68;0.68;11.8;Matches;3cd9e95a
79;Lukáš Hrádecký;fi FIN;GK;Leverkusen;de Bundesliga;29;1989;34.0;1.29;0.06;0.03;0.12;0.00;1.41;0.33;0.12;+0.12;5.29;14.6;36.1;40.1;6.00;30.4;32.3;6.82;35.8;35.9;10.7;0.41;3.8;1.62;1.62;16.7;Matches;ad3389d5
80;Jannik Huth;de GER;GK;Paderborn 07;de Bundesliga;25;1994;6.0;2.83;0.17;0.00;0.17;0.00;2.02;0.34;-0.82;-0.81;4.67;12.0;38.9;33.8;6.17;30.0;31.5;8.00;22.9;29.7;11.7;0.17;1.4;0.83;0.83;15.2;Matches;e8fd2e5b
81;Rune Jarstein;no NOR;GK;Hertha BSC;de Bundesliga;34;1984;28.3;1.63;0.25;0.11;0.18;0.07;1.49;0.25;-0.06;-0.06;9.26;19.9;46.5;27.8;4.13;50.8;39.2;7.92;73.2;50.6;16.2;1.17;7.2;0.71;0.71;12.0;Matches;27d2618c
82;Jesse Joronen;fi FIN;GK;Brescia;it Serie A;26;1993;29.0;2.03;0.31;0.00;0.28;0.10;1.85;0.25;-0.08;-0.08;4.76;13.1;36.3;20.0;5.66;44.9;36.9;9.48;43.6;38.3;18.3;0.59;3.2;0.41;0.41;9.0;Matches;7f66ea09
83;Lovre Kalini?;hr CRO;GK;Toulouse;fr Ligue 1;29;1990;3.4;1.18;0.00;0.00;0.00;0.00;0.85;0.24;-0.32;-0.32;7.35;24.1;30.5;23.2;3.53;60.8;43.3;11.2;89.5;57.7;19.1;2.35;12.3;0.88;0.88;14.1;Matches;3a74f92b
84;Stefanos Kapino;gr GRE;GK;Werder Bremen;de Bundesliga;25;1994;1.0;2.00;0.00;0.00;0.00;0.00;0.90;0.19;-1.10;-1.06;7.00;16.0;43.8;26.0;8.00;38.5;33.8;9.00;66.7;43.0;21.0;0.00;0.0;1.00;1.00;12.0;Matches;62ba5881
85;Florian Kastenmeier;de GER;GK;Düsseldorf;de Bundesliga;22;1997;17.0;1.82;0.12;0.00;0.18;0.18;1.48;0.30;-0.16;-0.17;6.76;16.9;40.1;29.9;3.35;44.4;38.0;6.59;54.5;45.1;12.2;0.35;2.9;1.18;1.18;15.8;Matches;dc2e4736
86;Tomáš Koubek;cz CZE;GK;Augsburg;de Bundesliga;26;1992;24.0;2.13;0.00;0.00;0.13;0.08;1.78;0.35;-0.26;-0.26;6.04;19.0;31.7;26.0;4.25;49.3;40.3;8.83;70.8;53.4;15.3;0.54;3.6;1.42;1.42;15.7;Matches;dc366c36
87;Thomas Kraft;de GER;GK;Hertha BSC;de Bundesliga;31;1988;4.0;2.25;0.00;0.00;0.50;0.00;1.50;0.31;-0.75;-0.76;8.50;20.5;41.5;23.8;3.50;58.9;39.5;8.25;78.8;54.9;18.8;0.50;2.7;1.50;1.50;22.8;Matches;bb25c778
88;Tim Krul;nl NED;GK;Norwich City;eng Premier League;31;1988;36.0;1.89;0.08;0.03;0.31;0.08;1.68;0.29;-0.13;-0.12;4.69;16.6;28.3;34.7;5.50;35.8;34.6;9.22;45.5;39.0;18.1;0.81;4.4;0.64;0.64;12.7;Matches;f23f9d20
89;Alban Lafont;fr FRA;GK;Nantes;fr Ligue 1;20;1999;27.0;1.07;0.11;0.00;0.07;0.04;0.99;0.23;-0.05;-0.05;5.44;16.7;32.5;25.7;4.85;44.6;36.5;6.93;75.9;51.5;14.0;0.33;2.4;1.15;1.15;15.5;Matches;4e7db402
90;Gautier Larsonneur;fr FRA;GK;Brest;fr Ligue 1;22;1997;26.6;1.28;0.11;0.00;0.15;0.00;1.56;0.28;0.28;+0.28;4.81;14.0;34.3;29.4;5.71;35.9;35.2;8.83;39.1;35.2;17.1;0.71;4.2;1.05;1.05;13.5;Matches;b49729cb
91;Benjamin Lecomte;fr FRA;GK;Monaco;fr Ligue 1;28;1991;28.0;1.57;0.21;0.00;0.25;0.04;1.53;0.28;-0.01;-0.01;5.21;12.0;43.3;22.8;4.86;34.5;33.0;7.57;55.2;42.3;14.1;0.71;5.1;1.39;1.39;15.8;Matches;2fa2a875
92;Nicolas Lemaître;fr FRA;GK;Reims;fr Ligue 1;22;1997;1.0;3.00;1.00;0.00;1.00;0.00;2.30;0.32;-0.70;-0.75;2.00;7.00;28.6;19.0;4.00;21.1;26.1;8.00;37.5;41.0;14.0;0.00;0.0;0.00;0.00;9.0;Matches;586ef3a3
93;Bernd Leno;de GER;GK;Arsenal;eng Premier League;27;1992;29.4;1.33;0.20;0.00;0.20;0.00;1.36;0.22;0.03;+0.04;2.18;9.05;24.1;24.9;6.29;23.4;27.9;8.61;37.5;34.4;15.9;0.58;3.6;1.29;1.29;15.6;Matches;2628fd2b
94;Donovan Léon;gf GUF;GK;Brest;fr Ligue 1;26;1992;1.4;2.14;0.71;0.00;0.00;0.00;3.07;0.30;0.93;+0.97;5.71;14.3;40.0;24.3;5.71;44.1;38.3;5.71;62.5;46.3;21.4;1.43;6.7;0.00;0.00;5.3;Matches;51c83a90
95;Karlo Letica;hr CRO;GK;SPAL;it Serie A;22;1997;10.0;2.90;0.00;0.20;0.10;0.10;1.89;0.28;-0.91;-0.91;5.50;15.5;35.5;21.9;5.40;44.7;37.2;9.50;60.0;45.4;16.8;0.50;3.0;0.30;0.30;10.3;Matches;4a6914ff
96;Hugo Lloris;fr FRA;GK;Tottenham;eng Premier League;32;1986;20.1;1.04;0.10;0.00;0.10;0.05;1.51;0.28;0.52;+0.52;5.22;12.5;41.7;20.9;4.83;42.0;35.3;7.46;50.0;35.2;15.5;0.80;5.1;0.40;0.40;10.2;Matches;8f62b6ee
97;Anthony Lopes;pt POR;GK;Lyon;fr Ligue 1;28;1990;26.0;0.96;0.08;0.04;0.08;0.12;0.88;0.24;0.03;+0.03;3.73;8.54;43.7;24.4;5.65;24.1;28.6;7.19;36.9;34.1;12.0;0.42;3.5;0.77;0.77;14.6;Matches;f00de885
98;Diego López;es ESP;GK;Espanyol;es La Liga;37;1981;35.9;1.62;0.17;0.00;0.11;0.06;1.50;0.31;-0.06;-0.06;6.07;18.4;33.0;23.2;3.29;54.1;41.1;8.41;69.5;49.8;13.2;0.72;5.5;1.39;1.39;15.9;Matches;73683fa9
99;Pau López;es ESP;GK;Roma;it Serie A;24;1994;32.0;1.41;0.25;0.03;0.13;0.00;1.38;0.27;-0.02;-0.02;4.47;9.91;45.1;26.2;5.47;29.1;31.4;6.50;35.1;34.9;11.7;0.28;2.4;1.38;1.38;18.2;Matches;20b9f052
100;Andreas Luthe;de GER;GK;Augsburg;de Bundesliga;32;1987;10.0;1.20;0.00;0.00;0.00;0.10;1.41;0.43;0.31;+0.31;5.20;16.5;31.5;32.4;5.10;37.0;35.1;9.10;49.5;40.8;18.4;1.00;5.4;1.10;1.10;13.9;Matches;7fe12375
101;Mike Maignan;fr FRA;GK;Lille;fr Ligue 1;24;1995;28.0;0.96;0.14;0.04;0.04;0.11;0.89;0.25;0.04;+0.04;4.64;13.9;33.3;20.1;4.89;44.0;37.2;7.14;71.0;52.4;11.5;0.39;3.4;0.86;0.86;17.0;Matches;fcb38f57
102;Steve Mandanda;fr FRA;GK;Marseille;fr Ligue 1;34;1985;26.3;1.03;0.15;0.00;0.08;0.08;1.14;0.30;0.19;+0.19;4.45;13.9;32.1;26.5;5.06;39.9;35.6;5.48;60.4;43.8;12.1;0.80;6.6;0.80;0.80;14.6;Matches;1d2d5cc8
103;Daniel Martín;es ESP;GK;Betis;es La Liga;21;1998;5.9;2.03;0.00;0.00;0.17;0.00;1.34;0.33;-0.69;-0.69;3.90;9.83;39.7;24.9;5.76;29.3;30.8;6.10;41.7;40.6;11.7;0.34;2.9;1.36;1.36;18.3;Matches;4df0dff8
104;David Martin;eng ENG;GK;West Ham;eng Premier League;33;1986;4.8;1.25;0.00;0.00;0.21;0.00;1.25;0.31;0.00;-0.01;8.13;21.0;38.6;16.5;2.50;74.7;46.9;9.17;95.5;60.8;17.3;0.21;1.2;0.21;0.21;12.4;Matches;07666c20
105;Emiliano Martínez;ar ARG;GK;Arsenal;eng Premier League;26;1992;8.6;1.05;0.12;0.00;0.35;0.00;1.37;0.26;0.33;+0.32;3.26;11.4;28.6;27.0;5.58;29.3;31.4;7.09;49.2;40.2;16.0;0.93;5.8;0.47;0.47;13.2;Matches;7956236f
106;Jordi Masip;es ESP;GK;Valladolid;es La Liga;30;1989;35.0;1.11;0.17;0.06;0.09;0.00;1.25;0.30;0.13;+0.13;6.80;20.3;33.5;20.4;3.49;61.9;43.6;9.60;80.1;55.4;15.4;0.34;2.2;0.43;0.43;10.9;Matches;8fae77ea
107;Alex McCarthy;eng ENG;GK;Southampton;eng Premier League;29;1989;28.0;1.25;0.04;0.00;0.14;0.04;1.33;0.32;0.11;+0.11;6.82;18.9;36.2;23.0;2.71;59.1;41.6;6.36;83.1;56.6;15.7;0.89;5.7;0.96;0.96;12.8;Matches;36c2ca73
108;Michael McGovern;nir NIR;GK;Norwich City;eng Premier League;35;1984;1.8;3.33;0.00;0.00;0.00;0.00;2.67;0.30;-0.67;-0.66;2.22;12.2;18.2;20.6;6.11;43.2;34.4;7.78;42.9;33.2;13.3;0.00;0.0;1.67;1.70;14.5;Matches;51a19d04
109;Edouard Mendy;sn SEN;GK;Rennes;fr Ligue 1;27;1992;24.0;0.79;0.13;0.04;0.17;0.04;0.86;0.22;0.11;+0.11;6.46;14.1;45.9;26.0;4.13;38.0;34.5;6.79;62.0;43.6;13.9;1.38;9.9;0.92;0.92;12.9;Matches;33887998
110;Alex Meret;it ITA;GK;Napoli;it Serie A;22;1997;21.7;1.52;0.23;0.00;0.09;0.05;1.28;0.27;-0.20;-0.20;1.43;4.75;30.1;21.5;3.96;17.2;25.5;6.41;16.5;22.9;11.1;0.18;1.7;0.69;0.69;14.3;Matches;9413b19f
111;Antonio Mirante;it ITA;GK;Roma;it Serie A;36;1983;5.0;1.00;0.20;0.00;0.00;0.00;1.74;0.34;0.74;+0.73;4.80;9.80;49.0;28.4;6.00;31.0;30.7;5.80;17.2;28.3;16.6;0.20;1.2;1.60;1.60;14.9;Matches;30223b33
112;Simon Moore;eng ENG;GK;Sheffield Utd;eng Premier League;29;1990;2.0;3.00;0.00;0.00;0.00;0.00;2.25;0.41;-0.75;-0.74;5.00;19.5;25.6;18.5;2.00;75.7;51.2;5.50;100.0;69.5;10.0;0.00;0.0;0.00;0.00;7.0;Matches;e7434f04
113;Jessy Moulin;fr FRA;GK;Saint-Étienne;fr Ligue 1;33;1986;5.0;0.80;0.40;0.00;0.00;0.00;1.36;0.22;0.56;+0.57;4.40;17.2;25.6;26.2;5.60;48.1;39.5;8.40;54.8;43.7;15.4;0.80;5.2;0.00;0.00;9.7;Matches;28a65a2c
114;Florian Müller;de GER;GK;Mainz 05;de Bundesliga;21;1997;12.5;2.00;0.16;0.24;0.08;0.00;1.78;0.31;-0.22;-0.22;5.20;15.0;34.6;28.8;6.32;31.4;32.1;9.44;63.6;46.6;16.6;1.04;6.3;1.44;1.44;15.8;Matches;cbac6ec9
115;Juan Musso;ar ARG;GK;Udinese;it Serie A;25;1994;38.0;1.34;0.21;0.05;0.11;0.00;1.37;0.22;0.03;+0.03;4.84;11.1;43.7;21.4;4.50;34.5;32.7;9.42;39.4;34.1;15.3;0.66;4.3;0.53;0.53;11.6;Matches;a111cf41
116;Yvon Mvogo;ch SUI;GK;RB Leipzig;de Bundesliga;25;1994;2.0;1.50;0.00;0.00;0.00;0.00;0.75;0.30;-0.75;-0.76;2.00;6.50;30.8;35.0;4.50;14.3;25.9;5.00;30.0;31.0;10.0;0.50;5.0;1.50;1.50;17.6;Matches;dc29b608
117;Keylor Navas;cr CRC;GK;Paris S-G;fr Ligue 1;32;1986;21.0;0.86;0.00;0.00;0.00;0.05;0.83;0.27;0.02;+0.02;1.67;4.33;38.5;19.3;3.62;16.5;26.8;6.52;17.5;26.7;8.95;0.14;1.6;0.38;0.38;12.5;Matches;ecada4fc
118;Neto;br BRA;GK;Barcelona;es La Liga;30;1989;2.0;1.00;0.00;0.00;0.00;0.00;0.80;0.54;-0.20;-0.19;2.50;5.00;50.0;23.0;2.50;15.2;24.5;7.50;20.0;24.2;11.0;0.50;4.5;2.00;2.00;16.6;Matches;a9dc785c
119;Manuel Neuer;de GER;GK;Bayern Munich;de Bundesliga;33;1986;33.0;0.94;0.09;0.00;0.18;0.03;1.05;0.28;0.14;+0.14;4.21;8.36;50.4;38.4;6.15;19.6;26.4;5.45;15.6;27.8;9.18;0.30;3.3;3.73;3.73;23.7;Matches;8778c910
120;Moritz Nicolas;de GER;GK;Union Berlin;de Bundesliga;21;1997;1.0;4.00;0.00;0.00;0.00;0.00;3.00;0.37;-1.00;-1.01;9.00;18.0;50.0;28.0;1.00;50.0;42.3;7.00;57.1;47.4;11.0;0.00;0.0;1.00;1.00;16.0;Matches;226ddf9d
121;Alexander Nübel;de GER;GK;Schalke 04;de Bundesliga;22;1996;25.7;1.56;0.16;0.04;0.19;0.08;1.39;0.28;-0.09;-0.09;5.14;15.3;33.5;30.8;4.24;34.8;33.8;8.05;57.5;45.0;13.2;0.86;6.5;0.89;0.89;13.8;Matches;afb0c500
122;Ørjan Nyland;no NOR;GK;Aston Villa;eng Premier League;28;1990;6.0;2.00;0.00;0.00;0.00;0.00;1.42;0.31;-0.58;-0.59;5.50;17.3;31.7;21.3;4.83;46.9;40.0;8.83;83.0;57.1;13.3;0.67;5.0;0.17;0.17;9.9;Matches;bdedffac
123;Jan Oblak;si SVN;GK;Atlético Madrid;es La Liga;26;1993;37.7;0.72;0.08;0.03;0.11;0.08;0.79;0.25;0.15;+0.15;6.15;15.6;39.4;16.8;2.94;56.7;41.2;8.38;72.5;49.9;14.1;0.32;2.3;0.32;0.32;13.1;Matches;ee8508c0
124;Oier Olazábal;es ESP;GK;Espanyol;es La Liga;29;1989;2.0;0.00;0.00;0.00;0.00;0.00;0.25;0.18;0.25;+0.27;3.00;8.50;35.3;25.5;7.50;21.6;31.1;6.00;50.0;41.4;10.5;1.50;14.3;0.00;0.00;7.8;Matches;b5bdf144
125;Robin Olsen;se SWE;GK;Cagliari;it Serie A;29;1990;16.9;1.42;0.24;0.00;0.06;0.12;1.37;0.22;0.07;+0.07;5.15;14.6;35.4;19.4;3.67;49.7;40.2;9.41;52.2;42.4;17.3;0.47;2.7;0.30;0.30;10.1;Matches;e7ee38c3
126;David Ospina;co COL;GK;Napoli;it Serie A;30;1988;16.3;1.04;0.12;0.06;0.12;0.00;0.91;0.25;-0.13;-0.13;2.09;4.72;44.2;23.5;3.37;16.2;25.7;5.21;17.6;22.1;11.3;0.67;6.0;1.04;1.04;16.2;Matches;82b1198a
127;Alexandre Oukidja;dz ALG;GK;Metz;fr Ligue 1;31;1988;26.5;1.17;0.11;0.00;0.19;0.00;1.15;0.22;-0.02;-0.02;7.02;22.4;31.4;25.5;3.81;60.6;43.8;7.85;88.5;59.4;17.8;1.21;6.8;1.17;1.17;14.1;Matches;ae7d0ecd
128;Fernando Pacheco;es ESP;GK;Alavés;es La Liga;27;1992;26.2;1.41;0.31;0.11;0.08;0.00;1.31;0.24;-0.10;-0.10;10.0;21.8;45.8;21.3;3.24;62.0;42.5;9.54;90.4;56.7;14.7;0.31;2.1;0.42;0.42;13.1;Matches;97852360
129;Daniele Padelli;it ITA;GK;Inter;it Serie A;33;1985;3.0;1.33;0.33;0.00;0.67;0.00;1.23;0.34;-0.10;-0.10;1.00;5.67;17.6;23.0;4.67;20.3;29.9;8.00;12.5;25.2;18.3;0.67;3.6;0.67;0.67;12.2;Matches;cf1c23d8
130;Miquel Parera;es ESP;GK;Mallorca;es La Liga;23;1996;1.0;2.00;0.00;0.00;0.00;0.00;0.60;0.12;-1.40;-1.41;6.00;12.0;50.0;21.0;3.00;47.6;37.6;4.00;50.0;57.0;12.0;0.00;0.0;0.00;0.00;;Matches;f9b42381
131;Rui Patrício;pt POR;GK;Wolves;eng Premier League;31;1988;38.0;1.05;0.03;0.03;0.16;0.03;0.93;0.26;-0.09;-0.09;6.58;13.9;47.3;15.2;3.34;53.1;39.0;7.45;78.1;48.7;13.9;0.53;3.8;0.29;0.29;11.7;Matches;79b0d6a0
132;Ji?í Pavlenka;cz CZE;GK;Werder Bremen;de Bundesliga;27;1992;33.0;2.03;0.03;0.03;0.33;0.09;1.50;0.29;-0.44;-0.44;6.00;14.8;40.4;27.1;4.61;37.6;35.0;9.03;51.7;41.7;18.0;0.36;2.0;0.91;0.91;14.0;Matches;0a1cb833
133;Gianluca Pegolo;it ITA;GK;Sassuolo;it Serie A;38;1981;5.0;0.80;0.00;0.00;0.00;0.20;1.14;0.22;0.54;+0.54;2.40;5.80;41.4;24.4;4.80;18.9;24.2;7.20;16.7;19.9;14.2;0.20;1.4;1.00;1.00;17.4;Matches;f058ed1f
134;Yohann Pelé;fr FRA;GK;Marseille;fr Ligue 1;36;1982;1.7;1.18;0.00;0.00;0.00;0.00;1.41;0.20;0.24;+0.25;1.76;7.06;25.0;19.4;4.12;15.2;25.0;8.24;50.0;40.8;12.9;0.00;0.0;1.76;1.80;16.2;Matches;76806215
135;Philipp Pentke;de GER;GK;Hoffenheim;de Bundesliga;34;1985;4.0;1.00;0.25;0.00;0.00;0.00;1.55;0.25;0.55;+0.55;3.25;11.5;28.3;33.3;6.50;27.1;30.5;7.50;33.3;37.9;20.0;1.00;5.0;2.75;2.75;17.0;Matches;c41f7379
136;Juan Pérez;es ESP;GK;Osasuna;es La Liga;23;1996;2.0;1.50;0.50;0.00;0.00;0.00;1.30;0.18;-0.20;-0.22;6.00;19.0;31.6;25.0;5.00;56.0;44.6;7.00;71.4;52.9;13.5;0.00;0.0;1.50;1.50;18.2;Matches;8f29e08b
137;Samu Pérez;es ESP;GK;Valladolid;es La Liga;22;1997;0.3;3.33;3.33;0.00;0.00;0.00;3.33;0.00;0.00;-0.02;3.33;20.0;16.7;6.67;0.00;50.0;49.5;16.7;100.0;65.2;3.33;0.00;0.0;0.00;0.00;;Matches;aae17c81
138;Mattia Perin;it ITA;GK;Genoa;it Serie A;26;1992;21.0;1.81;0.05;0.05;0.14;0.05;1.65;0.33;-0.11;-0.12;6.14;17.8;34.6;25.6;4.29;51.3;40.1;9.00;51.3;41.6;16.2;0.86;5.3;0.57;0.57;12.8;Matches;4c62d0c8
139;Pavao Pervan;at AUT;GK;Wolfsburg;de Bundesliga;31;1987;8.0;1.00;0.13;0.00;0.00;0.00;1.43;0.28;0.42;+0.42;6.00;15.0;40.0;25.3;4.63;44.1;36.4;7.75;50.0;44.0;13.0;0.38;2.9;1.50;1.50;16.3;Matches;c89e8aae
140;Danijel Petkovi?;me MNE;GK;Angers;fr Ligue 1;26;1993;2.0;0.50;0.00;0.00;0.00;0.00;0.55;0.16;0.05;+0.06;7.50;13.5;55.6;17.0;5.00;44.1;35.0;9.50;63.2;46.6;21.5;2.00;9.3;0.00;0.00;4.7;Matches;b98cea65
141;Denis Petri?;rs SRB;GK;Nantes;fr Ligue 1;31;1988;1.0;2.00;0.00;0.00;1.00;0.00;2.60;0.43;0.60;+0.58;3.00;13.0;23.1;9.00;2.00;66.7;46.2;11.0;63.6;43.2;13.0;1.00;7.7;0.00;0.00;10.0;Matches;dab1b8dc
142;Jordan Pickford;eng ENG;GK;Everton;eng Premier League;25;1994;38.0;1.47;0.08;0.08;0.13;0.08;1.32;0.32;-0.07;-0.07;7.11;19.2;37.0;29.3;5.13;50.8;40.1;6.95;62.1;48.5;13.4;0.63;4.7;0.66;0.66;13.4;Matches;4806ec67
143;Carlo Pinsoglio;it ITA;GK;Juventus;it Serie A;29;1990;0.2;0.00;0.00;0.00;0.00;0.00;0.00;;0.00;0.00;0.00;0.00;;5.00;0.00;0.0;17.0;10.0;0.0;19.0;0.00;0.00;;0.00;0.00;;Matches;f6a06749
144;Nick Pope;eng ENG;GK;Burnley;eng Premier League;27;1992;38.0;1.32;0.11;0.00;0.18;0.03;1.20;0.25;-0.09;-0.09;6.92;22.9;30.2;23.2;4.74;67.6;47.1;8.00;89.8;63.7;16.4;1.37;8.3;1.26;1.26;14.9;Matches;4b40d9ca
145;Ionu? Radu;ro ROU;GK;Genoa;it Serie A;22;1997;17.0;2.06;0.35;0.12;0.24;0.06;1.84;0.26;-0.16;-0.16;3.59;9.94;36.1;29.6;5.29;29.0;31.0;8.94;15.1;26.1;14.8;0.47;3.2;0.41;0.41;11.1;Matches;67f649be
146;Boris Radunovi?;rs SRB;GK;Hellas Verona;it Serie A;23;1996;3.0;2.67;0.67;0.33;0.33;0.00;2.07;0.28;-0.60;-0.59;4.00;11.0;36.4;15.7;3.33;42.6;37.3;4.67;92.9;65.6;7.67;0.00;0.0;0.33;0.33;12.6;Matches;0dfce079
147;Rafael;br BRA;GK;Cagliari;it Serie A;37;1982;5.0;2.20;0.40;0.00;0.00;0.00;1.52;0.33;-0.68;-0.68;6.60;14.2;46.5;21.8;3.60;51.4;37.0;9.20;32.6;31.3;19.6;0.60;3.1;0.60;0.59;11.1;Matches;dd06d56c
148;Predrag Rajkovi?;rs SRB;GK;Reims;fr Ligue 1;23;1995;27.0;0.67;0.04;0.04;0.07;0.00;0.93;0.23;0.26;+0.26;4.26;13.1;32.5;29.7;4.93;31.9;33.1;7.48;48.5;42.3;14.8;1.00;6.8;0.74;0.74;12.4;Matches;58ad9383
149;Aaron Ramsdale;eng ENG;GK;Bournemouth;eng Premier League;21;1998;37.0;1.68;0.14;0.11;0.11;0.00;1.64;0.30;-0.04;-0.04;4.95;16.4;30.1;22.8;5.00;48.2;39.2;7.78;69.8;53.5;16.0;0.54;3.4;0.68;0.68;11.6;Matches;466fb2c5
150;Darren Randolph;ie IRL;GK;West Ham;eng Premier League;32;1987;2.0;2.50;0.50;0.00;0.50;0.00;2.25;0.32;-0.25;-0.25;7.00;14.5;48.3;13.0;2.00;61.5;43.1;7.00;92.9;57.3;17.0;0.00;0.0;1.50;1.50;16.8;Matches;6385ebfb
151;Manolo Reina;es ESP;GK;Mallorca;es La Liga;34;1985;36.0;1.67;0.39;0.06;0.17;0.03;1.69;0.26;0.05;+0.05;6.69;17.9;37.4;24.7;4.89;52.4;39.6;8.50;58.5;47.9;14.4;0.72;5.0;0.78;0.78;13.7;Matches;605eb473
152;Pepe Reina;es ESP;GK;Aston Villa;eng Premier League;36;1982;12.0;1.67;0.17;0.00;0.17;0.00;1.22;0.22;-0.44;-0.44;7.92;16.8;47.0;25.2;4.25;48.3;37.2;7.83;59.6;42.6;14.0;0.67;4.8;1.17;1.17;16.1;Matches;e358587b
153;Pepe Reina;es ESP;GK;Milan;it Serie A;36;1982;1.0;1.00;0.00;1.00;0.00;0.00;1.80;0.14;0.80;+0.83;8.00;14.0;57.1;28.0;6.00;32.1;34.9;7.00;71.4;45.0;17.0;2.00;11.8;2.00;2.00;12.0;Matches;e358587b
154;Álex Remiro;es ESP;GK;Real Sociedad;es La Liga;24;1995;25.0;1.28;0.28;0.08;0.12;0.00;1.20;0.24;-0.08;-0.08;5.56;14.0;39.6;30.7;3.04;32.6;32.8;5.84;69.2;50.6;11.9;0.24;2.0;1.68;1.68;17.4;Matches;374ee424
155;Baptiste Reynet;fr FRA;GK;Toulouse;fr Ligue 1;28;1990;22.6;2.17;0.13;0.04;0.13;0.04;1.63;0.27;-0.49;-0.49;8.01;20.5;39.1;27.3;3.54;50.0;38.2;10.1;68.0;48.6;15.8;0.40;2.5;1.02;1.02;16.1;Matches;bcf1b2e9
156;Sergio Rico;es ESP;GK;Paris S-G;fr Ligue 1;25;1993;2.0;2.00;0.00;0.00;0.50;0.00;1.30;0.26;-0.70;-0.72;0.50;4.50;11.1;17.5;2.50;17.1;21.6;6.50;23.1;23.8;16.5;0.50;3.0;1.00;1.00;17.4;Matches;5f0241b2
157;Roberto;es ESP;GK;West Ham;eng Premier League;33;1986;7.6;2.24;0.13;0.13;0.26;0.13;2.36;0.34;0.25;+0.25;6.05;20.8;29.1;24.7;3.42;64.4;44.6;5.39;90.2;58.8;13.3;0.00;0.0;1.32;1.31;15.0;Matches;ba3ca78f
158;Roberto;es ESP;GK;Alavés;es La Liga;33;1986;8.8;2.16;0.34;0.00;0.11;0.00;2.28;0.33;0.13;+0.13;9.55;22.2;43.1;19.3;1.02;78.8;52.6;7.50;92.4;65.9;12.2;0.34;2.8;0.34;0.34;11.5;Matches;ba3ca78f
159;Joel Robles;es ESP;GK;Betis;es La Liga;29;1990;32.1;1.50;0.34;0.03;0.09;0.03;1.46;0.28;-0.00;0.00;4.21;12.6;33.3;28.2;4.27;34.6;33.0;7.51;38.6;35.5;14.2;0.31;2.2;1.59;1.59;17.8;Matches;cda0b317
160;Antonio Rosati;it ITA;GK;Torino;it Serie A;36;1983;1.0;1.00;0.00;0.00;0.00;0.00;0.40;0.09;-0.60;-0.57;9.00;16.0;56.3;20.0;6.00;35.0;30.9;15.0;60.0;40.9;13.0;0.00;0.0;0.00;0.00;9.3;Matches;28a15394
161;Francesco Rossi;it ITA;GK;Atalanta;it Serie A;28;1991;0.1;10.0;0.00;0.00;0.00;0.00;4.00;0.45;-6.00;-4.53;10.0;10.0;100.0;30.0;10.0;33.3;30.3;0.00;;;0.00;0.00;;0.00;0.00;;Matches;7b5f516f
162;Rubén;es ESP;GK;Osasuna;es La Liga;35;1984;17.6;1.36;0.17;0.06;0.06;0.00;1.20;0.35;-0.16;-0.16;7.27;20.9;34.9;21.4;3.47;66.5;47.0;8.07;82.4;58.0;12.8;0.28;2.2;0.74;0.74;15.4;Matches;24279b8b
163;Stéphane Ruffier;fr FRA;GK;Saint-Étienne;fr Ligue 1;32;1986;22.0;1.82;0.14;0.00;0.05;0.00;1.51;0.30;-0.30;-0.31;4.64;13.0;35.5;21.0;3.27;41.3;34.8;7.23;60.4;43.1;11.3;0.41;3.6;0.68;0.68;12.7;Matches;cac76a72
164;Gerónimo Rulli;ar ARG;GK;Montpellier;fr Ligue 1;27;1992;25.0;1.08;0.12;0.04;0.08;0.04;1.14;0.20;0.10;+0.10;7.44;14.4;51.8;27.1;6.00;35.6;33.7;8.12;58.1;45.2;14.4;0.64;4.4;1.00;1.00;15.0;Matches;625c144a
165;Mathew Ryan;au AUS;GK;Brighton;eng Premier League;27;1992;38.0;1.42;0.05;0.00;0.18;0.05;1.32;0.29;-0.05;-0.05;5.45;10.8;50.2;31.6;6.71;25.3;29.0;7.21;39.4;33.4;13.8;0.53;3.8;0.68;0.68;13.7;Matches;4535e4bb
166;Frederik Rønnow;dk DEN;GK;Eint Frankfurt;de Bundesliga;26;1992;9.0;1.56;0.22;0.00;0.00;0.00;1.59;0.26;0.03;+0.04;8.67;19.1;45.3;31.1;4.11;48.9;37.9;6.89;56.5;45.0;12.9;0.44;3.4;1.22;1.22;17.4;Matches;a70b8345
167;Romain Salin;fr FRA;GK;Rennes;fr Ligue 1;35;1984;4.0;1.25;0.00;0.00;0.00;0.00;1.35;0.24;0.10;+0.10;5.25;13.5;38.9;23.5;6.00;30.9;33.4;9.00;69.4;47.3;20.0;0.50;2.5;0.75;0.75;14.6;Matches;74733221
168;Kasper Schmeichel;dk DEN;GK;Leicester City;eng Premier League;32;1986;38.0;1.08;0.21;0.00;0.13;0.05;1.17;0.26;0.14;+0.14;4.74;10.5;45.2;25.0;4.18;31.5;33.0;6.34;40.7;36.1;13.3;0.37;2.8;0.89;0.89;17.2;Matches;53af52f3
169;Markus Schubert;de GER;GK;Schalke 04;de Bundesliga;21;1998;8.2;2.20;0.24;0.12;0.49;0.00;2.26;0.31;0.06;+0.06;5.37;18.9;28.4;30.7;3.54;46.0;37.6;7.32;65.0;46.4;18.2;0.73;4.0;0.98;0.97;12.7;Matches;289b90cd
170;Alexander Schwolow;de GER;GK;Freiburg;de Bundesliga;27;1992;23.2;1.38;0.13;0.00;0.22;0.00;1.38;0.25;-0.00;0.00;6.59;18.5;35.7;31.3;5.17;34.4;34.3;10.7;71.9;55.1;16.4;0.56;3.4;0.60;0.60;12.9;Matches;0d55d942
171;Matz Sels;be BEL;GK;Strasbourg;fr Ligue 1;27;1992;27.0;1.19;0.22;0.00;0.11;0.00;1.24;0.26;0.05;+0.05;7.37;17.0;43.4;24.1;4.11;49.3;39.6;7.44;68.2;51.3;12.4;0.63;5.1;0.33;0.33;11.0;Matches;834b5c4c
172;Luigi Sepe;it ITA;GK;Parma;it Serie A;28;1991;34.0;1.56;0.18;0.03;0.29;0.00;1.61;0.25;0.05;+0.05;6.62;13.9;47.8;23.6;3.38;42.4;37.1;9.62;40.1;32.0;18.4;0.59;3.2;0.29;0.29;12.2;Matches;343f753a
173;Rui Silva;pt POR;GK;Granada;es La Liga;25;1994;35.0;1.20;0.11;0.03;0.14;0.00;1.22;0.27;0.02;+0.02;8.69;23.5;36.9;27.8;3.29;59.9;43.1;8.54;80.3;55.8;14.3;0.71;5.0;1.89;1.89;16.6;Matches;ea83bfa6
174;Marco Silvestri;it ITA;GK;Hellas Verona;it Serie A;28;1991;35.0;1.23;0.20;0.03;0.17;0.03;1.28;0.24;0.08;+0.08;5.20;19.6;26.5;18.6;2.11;63.1;43.7;9.43;83.9;55.3;15.6;0.49;3.1;0.43;0.43;11.0;Matches;0d422df7
175;Unai Simón;es ESP;GK;Athletic Club;es La Liga;22;1997;33.2;0.87;0.15;0.03;0.06;0.06;1.04;0.28;0.23;+0.23;9.16;21.6;42.5;25.2;4.37;56.6;42.2;8.07;90.3;61.6;14.9;0.60;4.0;0.60;0.60;13.1;Matches;5dcf3e90
176;Salvatore Sirigu;it ITA;GK;Torino;it Serie A;32;1987;36.0;1.78;0.25;0.08;0.17;0.08;1.64;0.26;-0.05;-0.05;6.75;14.5;46.5;22.9;3.11;40.0;35.4;9.25;58.3;41.1;16.3;0.61;3.7;0.50;0.50;14.4;Matches;10dc46f0
177;Antonio Sivera;es ESP;GK;Alavés;es La Liga;22;1996;3.0;1.00;0.33;0.00;0.00;0.00;0.73;0.25;-0.27;-0.28;9.67;20.3;47.5;18.7;3.00;67.9;46.1;9.00;85.2;57.9;11.3;0.33;2.9;0.33;0.33;9.1;Matches;9970da54
178;?ukasz Skorupski;pl POL;GK;Bologna;it Serie A;28;1991;37.0;1.73;0.16;0.05;0.16;0.03;1.46;0.26;-0.25;-0.25;4.35;9.84;44.2;22.9;5.89;29.7;31.5;7.86;38.5;33.6;12.8;1.19;9.3;0.78;0.78;12.7;Matches;ab4449d6
179;Dennis Smarsch;de GER;GK;Hertha BSC;de Bundesliga;20;1999;1.7;2.35;0.00;0.00;0.59;0.00;1.35;0.21;-1.00;-0.99;5.88;15.3;38.5;31.2;4.71;30.2;32.7;9.41;62.5;45.1;8.82;0.59;6.7;1.76;1.79;12.9;Matches;45f6f52b
180;Yann Sommer;ch SUI;GK;M'Gladbach;de Bundesliga;30;1988;34.0;1.18;0.03;0.03;0.09;0.00;1.40;0.29;0.22;+0.22;5.29;12.3;43.1;37.1;4.97;25.7;29.8;8.29;33.3;34.6;14.7;0.38;2.6;1.44;1.44;16.9;Matches;420c18a1
181;David Soria;es ESP;GK;Getafe;es La Liga;26;1993;38.0;0.97;0.13;0.00;0.05;0.05;1.01;0.30;0.09;+0.09;9.45;25.5;37.0;23.2;1.21;83.4;52.7;6.82;91.1;58.5;10.1;0.53;5.2;1.82;1.82;18.1;Matches;8f8c6934
182;Juan Soriano;es ESP;GK;Leganés;es La Liga;21;1997;11.0;1.64;0.45;0.09;0.00;0.09;1.44;0.28;-0.11;-0.11;4.27;15.9;26.9;20.3;5.27;51.6;41.8;6.73;81.1;60.4;10.6;0.64;6.0;0.36;0.36;14.5;Matches;5512b1a9
183;Marco Sportiello;it ITA;GK;Atalanta;it Serie A;27;1992;5.8;0.86;0.00;0.00;0.00;0.00;0.83;0.26;-0.03;-0.04;1.55;4.83;32.1;21.4;5.52;12.1;26.9;4.48;50.0;38.8;8.97;0.52;5.8;1.72;1.71;19.7;Matches;ac4003af
184;Jed Steer;eng ENG;GK;Aston Villa;eng Premier League;26;1992;0.1;;;;;;0.00;;;;;10.0;;10.0;;0.0;26.0;10.0;100.0;65.0;10.0;;;;;;Matches;a8a3d139
185;Zack Steffen;us USA;GK;Düsseldorf;de Bundesliga;24;1995;17.0;2.12;0.06;0.06;0.24;0.06;1.91;0.32;-0.15;-0.15;7.59;17.4;43.6;27.8;6.00;42.6;36.9;8.47;66.0;51.2;15.5;0.82;5.3;0.94;0.94;12.9;Matches;42130443
186;Thomas Strakosha;al ALB;GK;Lazio;it Serie A;24;1995;38.0;1.11;0.18;0.03;0.18;0.03;1.17;0.24;0.09;+0.09;3.89;9.68;40.2;24.7;3.76;32.0;31.2;7.66;23.4;26.0;12.5;0.26;2.1;0.47;0.47;13.6;Matches;339fe0e8
187;Wojciech Szcz?sny;pl POL;GK;Juventus;it Serie A;29;1990;28.8;1.15;0.28;0.03;0.10;0.00;1.29;0.23;0.14;+0.14;2.85;5.73;49.7;19.4;5.38;23.4;29.4;6.77;17.4;25.8;12.3;0.38;3.1;1.28;1.29;16.9;Matches;01b8a2b2
188;Ciprian T?t?ru?anu;ro ROU;GK;Lyon;fr Ligue 1;33;1986;2.0;1.00;0.00;0.00;0.00;0.00;0.95;0.18;-0.05;-0.03;4.00;6.00;66.7;27.0;8.00;18.5;27.2;3.50;28.6;32.1;5.00;1.50;30.0;3.50;3.50;15.4;Matches;b056e3da
189;Marc-André ter Stegen;de GER;GK;Barcelona;es La Liga;27;1992;36.0;1.00;0.17;0.06;0.03;0.00;0.97;0.25;-0.03;-0.03;3.39;6.64;51.0;33.5;4.92;15.3;25.7;6.22;24.6;29.4;10.5;0.50;4.7;1.08;1.08;15.2;Matches;6f51e382
190;Pietro Terracciano;it ITA;GK;Fiorentina;it Serie A;29;1990;6.9;0.72;0.43;0.00;0.00;0.00;1.09;0.20;0.36;+0.36;2.61;11.3;23.1;21.6;5.22;38.9;35.2;8.55;33.9;34.7;14.9;0.87;5.8;0.72;0.72;12.2;Matches;e1b0a70d
191;Demba Thiam;sn SEN;GK;SPAL;it Serie A;21;1998;2.0;2.00;0.50;0.00;0.50;0.00;1.60;0.14;-0.40;-0.40;4.00;10.5;38.1;21.0;5.00;31.0;31.0;13.5;29.6;25.9;18.0;1.00;5.6;0.00;0.00;10.3;Matches;0f47717b
192;Niclas Thiede;de GER;GK;Freiburg;de Bundesliga;20;1999;0.8;1.25;0.00;0.00;0.00;0.00;1.88;0.39;0.63;+0.72;1.25;11.3;11.1;42.5;13.8;26.5;29.2;8.75;0.0;21.1;16.3;0.00;0.0;1.25;1.32;18.0;Matches;cac55e10
193;Kevin Trapp;de GER;GK;Eint Frankfurt;de Bundesliga;29;1990;22.0;1.73;0.05;0.05;0.14;0.09;1.46;0.30;-0.18;-0.18;6.95;16.3;42.6;36.0;4.05;36.7;33.2;6.59;46.9;39.7;11.9;0.68;5.7;1.45;1.45;16.1;Matches;ce17b5eb
194;Mark Travers;ie IRL;GK;Bournemouth;eng Premier League;20;1999;1.0;3.00;0.00;0.00;0.00;0.00;1.90;0.39;-1.10;-1.07;2.00;9.00;22.2;23.0;5.00;21.7;29.2;7.00;57.1;43.4;12.0;0.00;0.0;1.00;1.00;13.3;Matches;fe558029
195;Stefano Turati;it ITA;GK;Sassuolo;it Serie A;17;2001;2.0;2.00;0.50;0.00;0.00;0.00;2.05;0.25;0.05;+0.03;3.00;5.00;60.0;19.0;3.50;18.4;24.8;7.00;21.4;24.0;17.0;0.50;2.9;1.50;1.50;18.8;Matches;bf168004
196;Samir Ujkani;xk KVX;GK;Torino;it Serie A;31;1988;1.0;3.00;1.00;0.00;1.00;0.00;2.40;0.23;-0.60;-0.62;6.00;13.0;46.2;42.0;2.00;28.6;31.9;8.00;12.5;25.8;12.0;0.00;0.0;1.00;1.00;15.0;Matches;96640846
197;Sven Ulreich;de GER;GK;Bayern Munich;de Bundesliga;30;1988;1.0;1.00;0.00;0.00;0.00;0.00;1.10;0.42;0.10;+0.12;2.00;7.00;28.6;42.0;5.00;14.3;24.0;10.0;10.0;20.4;11.0;0.00;0.0;1.00;1.00;14.3;Matches;7d3e7da6
198;Tomáš Vaclík;cz CZE;GK;Sevilla;es La Liga;30;1989;32.5;0.95;0.06;0.09;0.06;0.03;0.84;0.25;-0.08;-0.08;4.46;11.5;38.7;21.3;4.77;34.8;34.2;7.20;57.3;44.9;12.5;0.55;4.4;0.86;0.86;15.0;Matches;7b456af7
199;Koke Vegas;es ESP;GK;Levante;es La Liga;23;1995;2.0;1.00;0.00;0.00;0.50;0.00;0.80;0.16;-0.20;-0.22;4.50;12.0;37.5;21.5;6.50;39.5;36.7;9.50;36.8;31.5;23.0;0.00;0.0;2.00;2.00;16.1;Matches;bfb15d99
200;Mauro Vigorito;it ITA;GK;Lecce;it Serie A;29;1990;4.7;1.91;0.21;0.00;0.21;0.00;1.85;0.30;-0.06;-0.06;4.47;11.3;39.6;21.3;5.74;35.0;32.2;10.2;37.5;30.3;19.1;0.43;2.2;0.64;0.64;12.0;Matches;582a251c
201;Iván Villar;es ESP;GK;Celta Vigo;es La Liga;22;1997;3.1;1.61;0.00;0.00;0.00;0.00;1.19;0.34;-0.42;-0.41;4.19;12.9;32.5;18.7;2.58;36.2;31.7;9.03;67.9;50.9;14.2;0.32;2.3;1.29;1.29;12.8;Matches;cde52ef5
202;Felix Wiedwald;de GER;GK;Eint Frankfurt;de Bundesliga;29;1990;3.0;2.67;0.00;0.00;0.67;0.00;1.83;0.27;-0.83;-0.85;7.33;13.3;55.0;25.7;5.00;35.1;33.2;8.00;54.2;40.5;13.7;0.33;2.4;1.67;1.67;13.5;Matches;e2d34771
203;Yoel;es ESP;GK;Eibar;es La Liga;30;1988;3.0;1.67;0.00;0.00;0.00;0.00;2.13;0.34;0.47;+0.48;10.3;24.7;41.9;22.3;1.67;74.6;52.9;8.00;100.0;67.0;17.3;0.67;3.8;0.67;0.67;10.2;Matches;61bb7498
204;Robin Zentner;de GER;GK;Mainz 05;de Bundesliga;24;1994;21.5;1.86;0.05;0.00;0.28;0.05;1.70;0.31;-0.11;-0.11;6.00;18.1;33.2;27.6;6.79;44.8;36.8;9.16;62.4;49.2;16.1;0.93;5.8;0.79;0.79;13.6;Matches;5c4bf6ba
205;Leopold Zingerle;de GER;GK;Paderborn 07;de Bundesliga;25;1994;28.0;2.04;0.11;0.11;0.21;0.07;1.73;0.30;-0.23;-0.23;4.71;10.3;46.0;34.9;6.71;22.9;29.0;8.32;27.0;29.9;16.2;0.32;2.0;0.79;0.79;13.3;Matches;bf9d9070
